PETERSEN, STEFFEN E
TAYLOR, ANDREW J
KWONG, RAYMOND Y
YANG, ZHI-GANG
YANG, ZHI-GANG
LIU, HUI
LI, YUAN
XU, LEI
REINSTADLER, SEBASTIAN J
MERLO, MARCO
WANG, YINING
YANG, ZHI-GANG
LI, YUAN
ZHAO, SHIHUA
LURZ, PHILIPP
COOPER, LESLIE T
MULLER, STEVEN A
CAPTUR, GABRIELLA
PANDEY, AMBARISH
CIPRIANI, ALBERTO
CHEN, YUCHENG
ROWIN, ETHAN J
FONTANA, MARIANNA
OLMOS, CARMEN
SCHOENNAGEL, BJOERN P
WU, LIAN-MING
ZHONG, YUMIN
LIMA, JOÃO A C
LI, JIANG
SUN, JIAYU
PARK, CHUL HWAN
LI, YUAN
CHEN, HANG
LU, MINJIE
WANG, XI-MING
MITSOURAS, DIMITRIOS
PRASAD, SANJAY K
MYUNG, SEUNG-JAE
DHARMAKUMAR, ROHAN
PRASAD, SANJAY K
SINN, MARTIN
HUANG, YULI
SABA, LUCA
YANG, MIN-FU
HIRAI, TOSHINORI
BLASZCZYK, EDYTA
REITER, URSULA
PENG, LIQING
YANG, GUI FEN
LI, TAO
TAHIR, ENVER
YAO, WEIWU
PONTANA, FRANÇOIS
XU, LEI
BUCCIARELLI-DUCCI, CHIARA
LEE, JI WON
NEZAFAT, REZA
OMIDI, NEGAR
FRIEDBERG, MARK K
MEUCCI, MARIA CHIARA
ZHANG, LONG JIANG
FISCHER, KADY
CHOI, BYOUNG WOOK
LINK, MARK S
WINTERSPERGER, BERND J
TAHIR, ENVER
LUETKENS, JULIAN A
SCHWITTER, JUERG
TANG, GUANGYU
GRÄNI, CHRISTOPH
NERI, EMANUELE
AVANESOV, MAXIM
JUAN, YU-HSIANG
COCHET, HUBERT
YANG, ZHI-GANG
WU, LIAN-MING
LIU, HUI
XIE, MINGXING
ABDELRAHMAN, AHMED S
JEROSCH-HEROLD, MICHAEL
WANG, YINING
YANG, ZHI-GANG
HU, HONGJIE
NEWBY, DAVID E
MARKL, MICHAEL
KOROSOGLOU, GRIGORIOS
YANG, ZHI-GANG
HIRAI, TOSHINORI
WANG, XI-MING
FONTANA, MARIANNA
FERREIRA, VANESSA M
SHENOY, CHETAN
MARKL, MICHAEL
CADEMARTIRI, FILIPPO
LIMONGELLI, GIUSEPPE
KORANTZOPOULOS, PANAGIOTIS
KAASALAINEN, TOUKO
MAYR, AGNES
WU, LIAN-MING
CHEN, YUCHENG
CHOI, BYOUNG WOOK
PU, JUN
YANG, ZHI-GANG
YANG, ZHI-GANG
JIN, HANG
PARK, CHUL HWAN
YANG, WENJIE
BARISON, ANDREA
GARCÍA-PAVÍA, PABLO
SABA, LUCA
ZHANG, LONG JIANG
AL-MALLAH, MOUAZ H
THUNY, FRANCK
YANG, DONG HYUN
LU, MINJIE
QIU, TIAN
WIEBEN, OLIVER
HANNEMAN, KATE
MOON, JAMES
ZHOU, PENG
HENEIN, MICHAEL Y
PEPE, ALESSIA
DHARMAKUMAR, ROHAN
YANG, MIN-FU
LU, MINJIE
GRÄNI, CHRISTOPH
MELONI, ANTONELLA
TAHIR, ENVER
NEWBURGER, JANE W
ULM, BARBARA
ZHAO, SHIHUA
SONG, LEI
PENNELL, DUDLEY J
YANG, ZHI-GANG
BODI, VICENTE
KRAMER, CHRISTOPHER M
HASHMI, ARSALAN TALIB
DE ROOS, ALBERT
ARAI, ANDREW E
YAN, ANDREW T
MARCHLINSKI, FRANCIS E
BAUCE, BARBARA
KIM, RAYMOND J
LUND, GUNNAR K
YANG, ZHI-GANG
LI, ZHEN-LIN
ZHONG, YUMIN
CHEUNG, JIM W
WILLEMS, RIK
LEE, SEUNG-PYO
HAÏSSAGUERRE, MICHEL
LANZ, JONAS
LEHTONEN, JUKKA
NICHOLLS, MARK
DOHI, KAORU
PETRIE, MARK C
VASANAWALA, SHREYAS S
SCHMITT, MATTHIAS
FERREIRA-GONZÁLEZ, IGNACIO
DOHI, KAORU
RINK, LAWRENCE D
YANG, ZHI-GANG
VASSILIKOS, VASSILIOS P
CARRIERE, KEUMHEE C
HAZEBROEK, MARK R
ROCA-LUQUE, IVO
FALETTI, RICCARDO
BENGEL, FRANK M
PEPE, ALESSIA
SITGES, MARTA
EMRICH, TILMAN
YANG, ZHI-GANG
ROMANO, GIUSEPPE
SHARMA, SANJIV
KOVACS, RICHARD
MOON, JAMES C
CHOI, BYOUNG WOOK
JENSEN, JAMES A
FONTANA, MARIANNA
CREA, FILIPPO
PAPAVASSILIU, THEANO
GARCÍA-DORADO, DAVID
CHEN, YUCHENG
ZAMORANO, JOSE LUIS
MA, XIAOHAI
LEYVA, FRANCISCO
YANG, ZHI-GANG
HOU, YANG
CHEN, YUCHENG
LINDNER, JONATHAN R
AKHTER, NAUSHEEN
TAHIR, ENVER
TONDO, CLAUDIO
PONTANA, FRANÇOIS
TUNG, RODERICK
HOU, YANG
LIU, KAN
SCHULZ-MENGER, JEANETTE
TIAN, JIE
HWANG, SUNG HO
PACKER, DOUGLAS L
JACOBY, DANIEL
SINGH, ANVESHA
MOLLAZADEH, REZA
MADSEN, PER LAV
D'ASCENZI, FLAVIO
JUDSON, MARC A
KARAARSLAN, ERCAN
BOGAERT, JAN
FUSTER, VALENTÍN
REZAEIAN, NAHID
YANG, ZHI-GANG
HALUSHKA, MARC K
TRIVIERI, MARIA G
OH, JAE K
MASCI, PIER GIORGIO
SIANOS, G
SHAH, DIPAN J
GREEN, ULRIKA BIRGERSDOTTER
XIA, LIMING
JACQUIER, A
WANN, L SAMUEL
PONTONE, GIANLUCA
PU, JUN
MCNAMARA, DAVID A
GUO, YINGKUN
PONTONE, GIANLUCA
BOGUN, FRANK
LEYVA, FRANCISCO
KIM, TAE HOON
PACKER, DOUGLAS L
FONTANA, MARIANNA
MOJIBIAN, HAMID
BEGHETTI, MAURICE
IBANEZ, BORJA
WANG, KEZHENG
EMDIN, MICHELE
SINAGRA, GIANFRANCO
WANG, MEIYUN
CHANDRASHEKHAR, Y
GROGAN, MARTHA
SINAGRA, GIANFRANCO
PILZ, GÜNTER
MANKA, ROBERT
BEYGUI, FARZIN
GAO, FABAO
ATALAY, MICHAEL K
YANG, ZHI-GANG
MAYR, AGNES
STONE, GREGG W
HSIAO, ALBERT
MANDOUR, KHALED
WINTERSPERGER, BERND J
LIANG, BO
HAGIWARA, NOBUHISA
XU, BO
MANCIA, GIUSEPPE
BOGAERT, JAN
MCCANN, GERRY P
NEILAN, TOMAS G
ZHONG, LIANG
LEE, SEUNG PYO
BERRY, COLIN
SIEGEL, ROBERT J
DWECK, MARC R
BOGUN, FRANK
JACQUIER, A
BAYÉS-GENÍS, ANTONI
LEE, BAE YOUNG
SHAH, DIPAN J
XIE, MINGXING
RODRÍGUEZ-PALOMARES, JOSÉ F
CAMELI, MATTEO
NOUTSIAS, MICHEL
TEMPLIN, CHRISTIAN
DI BELLA, GIANLUCA
MARINO, PAOLO
COSYNS, BERNARD
YONG, HWAN SEOK
TRAYANOVA, NATALIA A
SCHWITTER, JUERG
SIMONETTI, ORLANDO P
BOGUN, FRANK
PETERSEN, STEFFEN E
KERKAR, PRAFULLA
SALGADO, RODRIGO
CREA, FILIPPO
CONNELLY, KIM A
PONTANA, FRANÇOIS
VAGO, HAJNALKA
JADDOE, VINCENT WV
YOO, SHI JOON
LUND, GUNNAR K
NISHTALA, ARVIND
ARYA, ARASH
LIM, PHANG BOON
EVANGELISTA, ARTURO
WATKINS, HUGH
GUTBERLET, MATTHIAS
LEINER, TIM
FIRMIN, DAVID
NIEDERER, STEVEN A
FRANKEL, DAVID S
ROEST, ARNO A W
WINDECKER, STEPHAN
MORISHIMA, ITSURO
RINALDI, CHRISTOPHER A
KACHENOURA, NADJIA
BHATT, DEEPAK L
HONDA, HIROSHI
WINTERSPERGER, BERND J
GAO, FABAO
WEI, MENG
ZHAO, SHIHUA
ZENG, MENGSU
LÜSCHER, THOMAS F
O'NEILL, WILLIAM W
VAN ROYEN, NIELS
BLUEMKE, DAVID A
FRANCONE, MARCO
KHANJI, MOHAMMED Y
BERRY, COLIN
LA GERCHE, ANDRÉ
WESTENBERG, JOS J M
WONG, RAYMOND CHING-CHEW
VAN DER GEEST, ROB J
BAUCE, BARBARA
WILDE, ARTHUR A M
AQUARO, GIOVANNI DONATO
BEZZINA, CONNIE R
WU, LIAN-MING
ZHANG, LONG JIANG
